X,Y,fid,icon_url
13.4537987136847,52.5158153211117,"1",./0.png
